{
  "name": "angular-websql",
  "version": "1.0.2",
  "description": "Helps you generating websql simple queries without writing any sql code.",
  "author": "Paulo Caldeira",
  "main": "./angular-websql.min.js",
  "license": "MIT",
  "homepage": "https://github.com/paulocaldeira17/angular-websql",
  "dependencies": {
    "angular": "1.2.x"
  },
  "ignore": [
    "**/.*",
    "node_modules",
    "components",
    "LICENSE",
    "Makefile",
    "README.md",
    "demo",
    "src"
  ],
  "_release": "1.0.2",
  "_resolution": {
    "type": "version",
    "tag": "v1.0.2",
    "commit": "d3a4101f87bd2d4310aa06255f3698cade7293af"
  },
  "_source": "git://github.com/paulocaldeira17/angular-websql.git",
  "_target": "~1.0.2",
  "_originalSource": "angular-websql",
  "_direct": true
}